"2025-02-27/05:19:50",0.8910031501332585,0.1631618466132120,0.4236644878466650
"2025-02-27/05:19:51",0.8695060709054367,0.1789787201468074,0.4603540055144519
"2025-02-27/05:19:52",0.7521795000761975,0.4139551390214445,0.5127057075387967
"2025-02-27/05:19:53",0.6470231812616519,0.5979248383407784,0.4731246036777274
"2025-02-27/05:19:54",0.4880098573613310,0.7093376700059677,0.5086122777014712
"2025-02-27/05:19:55",0.2398636587795189,0.7730605434364822,0.5872331916526805
"2025-02-27/05:19:56",0.2265776075978339,0.7977955515153783,0.5587350407102771
"2025-02-27/05:19:57",0.2151392245231149,0.9215039617652402,0.3233350623154853
"2025-02-27/05:19:58",0.1418967479265145,0.9503831120046642,0.2768343427832050
"2025-02-27/05:19:59",0.2978037007641304,0.8972557269783449,0.3259526287909796
"2025-02-27/05:20:00",0.4853759725219283,0.8457651529504605,0.2215659526034554
"2025-02-27/05:20:01",0.5660911874930808,0.8159875931307471,0.1170684214438877
"2025-02-27/05:20:02",0.5853334224675417,0.8106382257351685,0.01582566015598641
"2025-02-27/05:20:03",-0.5167684507663218,-0.8556159085624322,0.02952601069326802
"2025-02-27/05:20:04",-0.4186531843726462,-0.9034326541412532,0.09240644266463947
"2025-02-27/05:20:05",-0.3283816898409278,-0.9335584728296471,0.1436455484350046
"2025-02-27/05:20:06",-0.2070599004960811,-0.9614809986664627,0.1807774510548690
"2025-02-27/05:20:07",-0.1095669764282973,-0.9831798381493697,0.1461248901896584
"2025-02-27/05:20:08",-0.09335028294228058,-0.9928679075236406,0.07415553171694822
"2025-02-27/05:20:09",-0.07204258283467818,-0.9961004835022313,0.05092831260830335
"2025-02-27/05:20:10",-0.01932343311934210,-0.9944307011207052,0.1036059148942033
"2025-02-27/05:20:11",0.005601740104047062,-0.9896228302721971,0.1435802016708881
"2025-02-27/05:20:12",-0.1048278194454719,-0.9944835997053281,0.003673987947796689
"2025-02-27/05:20:13",0.1579629713811103,0.9803772084443650,0.1179331540970746
"2025-02-27/05:20:14",0.1761649862777994,0.9116107242250852,0.3713916868853661
"2025-02-27/05:20:15",-0.02092854482066469,0.8963232694952531,0.4429069795939434
"2025-02-27/05:20:16",-0.1199396147776715,0.8342489818514243,0.5381850286721537
"2025-02-27/05:20:17",-0.6253526488152513,0.7417261800884629,0.2424383187351497
"2025-02-27/05:20:18",0.8945695715293349,-0.4355920506231026,0.1000242327027952
"2025-02-27/05:20:19",0.9448022535111262,-0.2302991973159388,0.2330471657753685
"2025-02-27/05:20:20",0.9464865810773188,-0.2352657868917105,0.2209370076714002
"2025-02-27/05:20:21",0.9586785761638675,-0.09827792568895055,0.2669772217375416
"2025-02-27/05:20:22",0.9496423803897718,-0.1724800919436198,0.2615912216622889
"2025-02-27/05:20:23",0.9429245014025780,-0.1759319976536324,0.2827389553215151
"2025-02-27/05:20:24",0.9395605341601576,-0.1662654040366663,0.2993022186172414
"2025-02-27/05:20:25",0.9384262391378656,-0.2013491160828052,0.2807396073770756
"2025-02-27/05:20:26",0.9363299621807719,-0.1706475407796902,0.3068641698673832
"2025-02-27/05:20:27",0.9331877502850491,-0.1285804326590471,0.3356004991878597
"2025-02-27/05:20:28",0.9128532012567396,-0.09441404439624232,0.3972216272763447
"2025-02-27/05:20:29",0.9109142025584892,-0.09249419075486971,0.4020946906561118
"2025-02-27/05:20:30",0.9212752880655719,-0.06301140631951015,0.3837725970849594
"2025-02-27/05:20:31",0.9905112907326830,-0.07458997610284510,0.1154284124297449
"2025-02-27/05:20:32",0.9876921838798870,-0.1547643964473486,0.02263032246493813
"2025-02-27/05:20:33",0.7772284756192492,-0.6290261695807836,0.01555553499900787
"2025-02-27/05:20:34",0.2741883369136876,-0.9552386371886350,0.1110851111648403
"2025-02-27/05:20:35",0.7815681523295520,-0.6034507150765746,0.1581090058717136
"2025-02-27/05:20:36",0.9031823233476161,-0.3867352234727173,0.1862728045580206
"2025-02-27/05:20:37",0.9830366543229490,0.08429269594266203,0.1628916132532962
"2025-02-27/05:20:38",-0.01195384726421168,-0.9991191532838909,0.04022465757299500
"2025-02-27/05:20:39",0.09100681424765232,-0.9731136801765122,0.2115833765063261
"2025-02-27/05:20:40",0.7757744584207049,-0.5545575736551677,0.3010645896875869
"2025-02-27/05:20:41",0.9006384556509173,-0.3271563818872711,0.2860403363044469
"2025-02-27/05:20:42",0.8993255128214508,-0.2192358613377209,0.3783507091204438
"2025-02-27/05:20:43",0.8715269708469444,-0.06743763012487114,0.4856880739008220
"2025-02-27/05:20:44",0.7888097329471245,0.2609421052162537,0.5564965614747283
"2025-02-27/05:20:45",0.6127887124780991,0.6153847601351774,0.4957737294903831
"2025-02-27/05:20:46",0.5659180146230619,0.6825988585923031,0.4623803617948941
"2025-02-27/05:20:47",0.5355398993870238,0.7235870766529933,0.4354523609596254
"2025-02-27/05:20:48",0.5311381948207184,0.7436036487110029,0.4061352380996648
"2025-02-27/05:20:49",0.5630350822305327,0.6972025957598953,0.4437341959363976
"2025-02-27/05:20:50",0.5359006297428686,0.6608530310333285,0.5254367577694384
"2025-02-27/05:20:51",0.4996492787950977,0.6184189273341464,0.6065547201320117
"2025-02-27/05:20:52",0.4723731840235198,0.5867730819471618,0.6576936409284426
"2025-02-27/05:20:53",0.04046657442856182,0.5193413067600788,0.8536082611167435
"2025-02-27/05:20:54",-0.5100377746606368,0.4276859985877686,0.7462882519718558
"2025-02-27/05:20:55",-0.5710376703031900,0.4650308131571297,0.6765074440899552
"2025-02-27/05:20:56",-0.6059806890508885,0.5357597345380273,0.5880041762990742
"2025-02-27/05:20:57",-0.6091182884673036,0.5956316545943697,0.5236390385559848
"2025-02-27/05:20:58",0.7266465850817404,-0.6532874012629071,0.2126036494047140
"2025-02-27/05:20:59",0.3976628840367734,-0.6833613727520337,0.6122756445343984
"2025-02-27/05:21:00",0.2824390456957528,-0.8311375216947451,0.4789975005128826
"2025-02-27/05:21:01",0.1270950108502026,-0.9700057120008967,0.2072095000298483
"2025-02-27/05:21:02",0.5939036415243593,0.7183947725717116,0.3621980332991111
"2025-02-27/05:21:03",0.8837898341575415,-0.1585656858839763,0.4401959249015482
"2025-02-27/05:21:04",0.8176892318237602,-0.4254645499565540,0.3877682773122831
"2025-02-27/05:21:05",0.7264420337660396,-0.6550501608474112,0.2078250667066920
"2025-02-27/05:21:06",-0.4934370442738344,0.7365663158067380,0.4625904730506140
"2025-02-27/05:21:07",-0.4463077784967659,0.6951756296504471,0.5635070636588209
"2025-02-27/05:21:08",-0.4383894676411461,0.5633218948422605,0.7003449988774377
"2025-02-27/05:21:09",-0.4850849802702678,0.2624676308352256,0.8341482510201274
"2025-02-27/05:21:10",-0.5245338780442065,0.1280848370394861,0.8416997595963029
"2025-02-27/05:21:11",-0.5190823503763585,0.1999138724977488,0.8310162195232467
"2025-02-27/05:21:12",-0.3245668222660306,0.4675271596800095,0.8222376376970801
"2025-02-27/05:21:13",-0.4839317923001149,0.5108136087713622,0.7105487157789930
"2025-02-27/05:21:14",-0.8387366789039410,0.3657943586585937,0.4033798094039109
"2025-02-27/05:21:15",-0.9498441099577444,0.3112661620821394,0.03015863261548007
"2025-02-27/05:21:16",0.9619775946894993,-0.2702018065932200,0.03987594549556597
"2025-02-27/05:21:17",0.9614837449277058,-0.2685284253021173,0.05866423991291203
"2025-02-27/05:21:18",0.9771904650893046,-0.2009387740444510,0.06871974988357532
"2025-02-27/05:21:19",0.9974852520239046,-0.07048802015668407,0.007389926197110268
"2025-02-27/05:21:20",-0.9946475152930627,-0.06013805960904663,0.08402222389222717
"2025-02-27/05:21:21",0.9898749029170509,-0.1274549342357491,0.06247332481883582
"2025-02-27/05:21:22",0.8329418754133157,-0.5001723599372516,0.2367180655077874
"2025-02-27/05:21:23",0.8130238517945929,-0.5359702432665738,0.2274381558706757
"2025-02-27/05:21:24",-0.7043581821112255,0.2200000287414148,0.6748922422481584
"2025-02-27/05:21:25",-0.4904440084292531,0.04752622998965642,0.8701758052593841
"2025-02-27/05:21:26",-0.4603702792547357,0.02125035398559860,0.8874726071459349
"2025-02-27/05:21:27",-0.5271457252852604,0.06392563189403050,0.8473670384788555
"2025-02-27/05:21:28",-0.8125215946705570,0.3906034072707860,0.4327096444759085
"2025-02-27/05:21:29",-0.7978975395099446,0.4290288183298517,0.4234309736975641
"2025-02-27/05:21:30",-0.7484724946498806,0.4373507263029662,0.4985110499826990
"2025-02-27/05:21:31",-0.8502372299135506,0.4711832442450462,0.2346976847172673
"2025-02-27/05:21:32",-0.8552500346997854,0.5025255078632115,0.1265523294642863
"2025-02-27/05:21:33",-0.8816574437602138,0.4592947751529939,0.1082980211239633
"2025-02-27/05:21:34",-0.8980732241884314,0.4196339452261456,0.1318022610190552
"2025-02-27/05:21:35",-0.9309815304733717,0.2668426946261559,0.2491352368536237
"2025-02-27/05:21:36",-0.9357486202913856,0.2532192885989255,0.2454679439442601
"2025-02-27/05:21:37",-0.9332946028908953,0.2757813271205600,0.2300127036194941
"2025-02-27/05:21:38",-0.9279147138337993,0.3106672856246208,0.2060585389964918
"2025-02-27/05:21:39",-0.9440142982425572,0.2824979749092628,0.1703874962718149
"2025-02-27/05:21:40",-0.9225482212363191,0.3257266054431424,0.2068984243540562
"2025-02-27/05:21:41",-0.8905921612938078,0.3776176999956083,0.2534767738710014
"2025-02-27/05:21:42",-0.5605961041497457,0.5115699968844060,0.6511744361534910
"2025-02-27/05:21:43",-0.5781676386569827,0.6593288903063889,0.4806324957981453
"2025-02-27/05:21:44",-0.3568847504462542,0.8412377137741306,0.4061433045403912
"2025-02-27/05:21:45",-0.4075319437802905,0.7708646301513844,0.4895767935474761
"2025-02-27/05:21:46",-0.3736336285434560,0.7761081851617683,0.5079901539856433
"2025-02-27/05:21:47",-0.3039207902215249,0.7891178432950717,0.5337838351472063
"2025-02-27/05:21:48",0.01139119673796095,0.8598112663029152,0.5104848939738118
"2025-02-27/05:21:49",0.5114195508383733,0.7304024073184738,0.4527276956445839
